full_time_positions,class_100_total,class_100_ot,fiscal_year,variable,time_period,dept_name_raw,as_of_date,dept_name,dept_code,abbreviation
118,9311029,39619,2022,Actual,Full Year,Auditing (City Controller's Office),2022-06-30,City Controller's Office,61,
109,9523506,58666,2023,Actual,Full Year,Auditing (City Controller's Office),2023-06-30,City Controller's Office,61,
110,9092764,60074,2024,Actual,Full Year,Auditing (City Controller's Office),2024-06-30,City Controller's Office,61,
98,4485327,40000,2025,Target Budget,YTD,Auditing (City Controller's Office),2024-12-31,City Controller's Office,61,
98,4485327,7504,2025,Actual,YTD,Auditing (City Controller's Office),2024-12-31,City Controller's Office,61,
135,10599672,80000,2025,Adopted Budget,Full Year,Auditing (City Controller's Office),2024-12-31,City Controller's Office,61,
135,10399672,80000,2025,Target Budget,Full Year,Auditing (City Controller's Office),2024-12-31,City Controller's Office,61,
135,10399672,80000,2025,Current Projection,Full Year,Auditing (City Controller's Office),2024-12-31,City Controller's Office,61,
9,801988,0,2022,Actual,Full Year,Board of Ethics,2022-06-30,Board of Ethics,45,
9,848155,0,2023,Actual,Full Year,Board of Ethics,2023-06-30,Board of Ethics,45,
10,932874,0,2024,Actual,Full Year,Board of Ethics,2024-06-30,Board of Ethics,45,
10,476621,0,2025,Target Budget,YTD,Board of Ethics,2024-12-31,Board of Ethics,45,
10,476621,0,2025,Actual,YTD,Board of Ethics,2024-12-31,Board of Ethics,45,
14,1322433,0,2025,Adopted Budget,Full Year,Board of Ethics,2024-12-31,Board of Ethics,45,
14,1322433,0,2025,Target Budget,Full Year,Board of Ethics,2024-12-31,Board of Ethics,45,
14,1322433,0,2025,Current Projection,Full Year,Board of Ethics,2024-12-31,Board of Ethics,45,
15,1002561,45,2022,Actual,Full Year,Board of Revision of Taxes,2022-06-30,Board of Revision of Taxes,63,BRT
14,988226,1801,2023,Actual,Full Year,Board of Revision of Taxes,2023-06-30,Board of Revision of Taxes,63,BRT
15,1012612,1824,2024,Actual,Full Year,Board of Revision of Taxes,2024-06-30,Board of Revision of Taxes,63,BRT
16,524908,1750,2025,Target Budget,YTD,Board of Revision of Taxes,2024-12-31,Board of Revision of Taxes,63,BRT
16,524908,886,2025,Actual,YTD,Board of Revision of Taxes,2024-12-31,Board of Revision of Taxes,63,BRT
16,1089023,0,2025,Adopted Budget,Full Year,Board of Revision of Taxes,2024-12-31,Board of Revision of Taxes,63,BRT
16,1109023,3500,2025,Target Budget,Full Year,Board of Revision of Taxes,2024-12-31,Board of Revision of Taxes,63,BRT
16,1109023,3500,2025,Current Projection,Full Year,Board of Revision of Taxes,2024-12-31,Board of Revision of Taxes,63,BRT
137,8293480,1531588,2022,Actual,Full Year,City Commissioners (Election Board),2022-06-30,City Commissioner's Office,73,City Commissioners
134,7768164,1230728,2023,Actual,Full Year,City Commissioners (Election Board),2023-06-30,City Commissioner's Office,73,City Commissioners
146,9116587,1649718,2024,Actual,Full Year,City Commissioners (Election Board),2024-06-30,City Commissioner's Office,73,City Commissioners
141,4546802,797300,2025,Target Budget,YTD,City Commissioners (Election Board),2024-12-31,City Commissioner's Office,73,City Commissioners
141,4546802,747450,2025,Actual,YTD,City Commissioners (Election Board),2024-12-31,City Commissioner's Office,73,City Commissioners
187,11193816,1594599,2025,Adopted Budget,Full Year,City Commissioners (Election Board),2024-12-31,City Commissioner's Office,73,City Commissioners
187,11193816,1594599,2025,Target Budget,Full Year,City Commissioners (Election Board),2024-12-31,City Commissioner's Office,73,City Commissioners
187,11193816,1594599,2025,Current Projection,Full Year,City Commissioners (Election Board),2024-12-31,City Commissioner's Office,73,City Commissioners
182,14051449,245,2022,Actual,Full Year,City Council,2022-06-30,City Council,01,
175,14383873,0,2023,Actual,Full Year,City Council,2023-06-30,City Council,01,
164,14095159,0,2024,Actual,Full Year,City Council,2024-06-30,City Council,01,
174,6836082,0,2025,Target Budget,YTD,City Council,2024-12-31,City Council,01,
174,6836082,0,2025,Actual,YTD,City Council,2024-12-31,City Council,01,
185,16700583,0,2025,Adopted Budget,Full Year,City Council,2024-12-31,City Council,01,
185,16700583,0,2025,Target Budget,Full Year,City Council,2024-12-31,City Council,01,
185,18700583,0,2025,Current Projection,Full Year,City Council,2024-12-31,City Council,01,
16,1230203,56626,2022,Actual,Full Year,City Treasurer,2022-06-30,Office of the City Treasurer,40,City Treasurer
17,1396762,66607,2023,Actual,Full Year,City Treasurer,2023-06-30,Office of the City Treasurer,40,City Treasurer
20,1579598,57689,2024,Actual,Full Year,City Treasurer,2024-06-30,Office of the City Treasurer,40,City Treasurer
19,751309,35000,2025,Target Budget,YTD,City Treasurer,2024-12-31,Office of the City Treasurer,40,City Treasurer
19,751309,21731,2025,Actual,YTD,City Treasurer,2024-12-31,Office of the City Treasurer,40,City Treasurer
22,1819025,70000,2025,Adopted Budget,Full Year,City Treasurer,2024-12-31,Office of the City Treasurer,40,City Treasurer
22,1819025,70000,2025,Target Budget,Full Year,City Treasurer,2024-12-31,Office of the City Treasurer,40,City Treasurer
22,1819025,70000,2025,Current Projection,Full Year,City Treasurer,2024-12-31,Office of the City Treasurer,40,City Treasurer
1,140533,0,2022,Actual,Full Year,Civil Service Commission,2022-06-30,Civil Service Commission,55,
2,141474,0,2023,Actual,Full Year,Civil Service Commission,2023-06-30,Civil Service Commission,55,
2,153540,0,2024,Actual,Full Year,Civil Service Commission,2024-06-30,Civil Service Commission,55,
2,76068,0,2025,Target Budget,YTD,Civil Service Commission,2024-12-31,Civil Service Commission,55,
2,76068,0,2025,Actual,YTD,Civil Service Commission,2024-12-31,Civil Service Commission,55,
2,183057,0,2025,Adopted Budget,Full Year,Civil Service Commission,2024-12-31,Civil Service Commission,55,
2,183057,0,2025,Target Budget,Full Year,Civil Service Commission,2024-12-31,Civil Service Commission,55,
2,183057,0,2025,Current Projection,Full Year,Civil Service Commission,2024-12-31,Civil Service Commission,55,
37,2499341,0,2022,Actual,Full Year,Commerce,2022-06-30,Office of the Director of Commerce,42,Commerce
35,2601371,0,2023,Actual,Full Year,Commerce,2023-06-30,Office of the Director of Commerce,42,Commerce
53,3614784,0,2024,Actual,Full Year,Commerce,2024-06-30,Office of the Director of Commerce,42,Commerce
61,2244944,5000,2025,Target Budget,YTD,Commerce,2024-12-31,Office of the Director of Commerce,42,Commerce
61,2244944,60,2025,Actual,YTD,Commerce,2024-12-31,Office of the Director of Commerce,42,Commerce
80,5767611,10000,2025,Adopted Budget,Full Year,Commerce,2024-12-31,Office of the Director of Commerce,42,Commerce
80,5767611,10000,2025,Target Budget,Full Year,Commerce,2024-12-31,Office of the Director of Commerce,42,Commerce
80,5767611,10000,2025,Current Projection,Full Year,Commerce,2024-12-31,Office of the Director of Commerce,42,Commerce
521,38421902,141860,2022,Actual,Full Year,District Attorney,2022-06-30,District Attorney's Office,69,DAO
503,39764411,169371,2023,Actual,Full Year,District Attorney,2023-06-30,District Attorney's Office,69,DAO
573,43824953,169935,2024,Actual,Full Year,District Attorney,2024-06-30,District Attorney's Office,69,DAO
596,24200506,92500,2025,Target Budget,YTD,District Attorney,2024-12-31,District Attorney's Office,69,DAO
596,24200506,259883,2025,Actual,YTD,District Attorney,2024-12-31,District Attorney's Office,69,DAO
605,46912929,185000,2025,Adopted Budget,Full Year,District Attorney,2024-12-31,District Attorney's Office,69,DAO
605,49912929,185000,2025,Target Budget,Full Year,District Attorney,2024-12-31,District Attorney's Office,69,DAO
605,49912929,185000,2025,Current Projection,Full Year,District Attorney,2024-12-31,District Attorney's Office,69,DAO
119,9293924,128747,2022,Actual,Full Year,Finance,2022-06-30,Office of the Director of Finance,35,Finance
122,9986109,125778,2023,Actual,Full Year,Finance,2023-06-30,Office of the Director of Finance,35,Finance
121,10658385,117808,2024,Actual,Full Year,Finance,2024-06-30,Office of the Director of Finance,35,Finance
124,5771334,72500,2025,Target Budget,YTD,Finance,2024-12-31,Office of the Director of Finance,35,Finance
124,5771334,63905,2025,Actual,YTD,Finance,2024-12-31,Office of the Director of Finance,35,Finance
139,11795202,145000,2025,Adopted Budget,Full Year,Finance,2024-12-31,Office of the Director of Finance,35,Finance
139,11795202,145000,2025,Target Budget,Full Year,Finance,2024-12-31,Office of the Director of Finance,35,Finance
139,11795202,145000,2025,Current Projection,Full Year,Finance,2024-12-31,Office of the Director of Finance,35,Finance
0,2167137,0,2022,Actual,Full Year,Finance Reg #32 Disability,2022-06-30,Finance: Reg #32,35-R32,
0,2497028,0,2023,Actual,Full Year,Finance Reg #32 Disability,2023-06-30,Finance: Reg #32,35-R32,
0,4334997,0,2024,Actual,Full Year,Finance Reg #32 Disability,2024-06-30,Finance: Reg #32,35-R32,
0,3123313,0,2025,Target Budget,YTD,Finance Reg #32 Disability,2024-12-31,Finance: Reg #32,35-R32,
0,3123313,0,2025,Actual,YTD,Finance Reg #32 Disability,2024-12-31,Finance: Reg #32,35-R32,
0,5200000,0,2025,Adopted Budget,Full Year,Finance Reg #32 Disability,2024-12-31,Finance: Reg #32,35-R32,
0,5200000,0,2025,Target Budget,Full Year,Finance Reg #32 Disability,2024-12-31,Finance: Reg #32,35-R32,
0,5200000,0,2025,Current Projection,Full Year,Finance Reg #32 Disability,2024-12-31,Finance: Reg #32,35-R32,
2678,318512653,62597682,2022,Actual,Full Year,Fire,2022-06-30,Fire Department,13,Fire
2667,341171247,68452340,2023,Actual,Full Year,Fire,2023-06-30,Fire Department,13,Fire
2794,354132093,72511849,2024,Actual,Full Year,Fire,2024-06-30,Fire Department,13,Fire
2778,174675440,38280073,2025,Target Budget,YTD,Fire,2024-12-31,Fire Department,13,Fire
2778,174675440,36330179,2025,Actual,YTD,Fire,2024-12-31,Fire Department,13,Fire
3392,365611225,76560145,2025,Adopted Budget,Full Year,Fire,2024-12-31,Fire Department,13,Fire
3392,365611225,76560145,2025,Target Budget,Full Year,Fire,2024-12-31,Fire Department,13,Fire
3392,365611225,76560145,2025,Current Projection,Full Year,Fire,2024-12-31,Fire Department,13,Fire
1773,102667998,12832,2022,Actual,Full Year,First Judicial District,2022-06-30,First Judicial District,84,FJD
1686,101924504,14688,2023,Actual,Full Year,First Judicial District,2023-06-30,First Judicial District,84,FJD
1685,102223039,67109,2024,Actual,Full Year,First Judicial District,2024-06-30,First Judicial District,84,FJD
1715,48197158,48270,2025,Target Budget,YTD,First Judicial District,2024-12-31,First Judicial District,84,FJD
1715,48197158,34114,2025,Actual,YTD,First Judicial District,2024-12-31,First Judicial District,84,FJD
1720,116833778,96540,2025,Adopted Budget,Full Year,First Judicial District,2024-12-31,First Judicial District,84,FJD
1720,116833778,96540,2025,Target Budget,Full Year,First Judicial District,2024-12-31,First Judicial District,84,FJD
1720,116833778,96540,2025,Current Projection,Full Year,First Judicial District,2024-12-31,First Judicial District,84,FJD
268,17982245,1413920,2022,Actual,Full Year,Fleet Services,2022-06-30,Office of Fleet Management,25,Fleet
266,18075554,1986852,2023,Actual,Full Year,Fleet Services,2023-06-30,Office of Fleet Management,25,Fleet
266,19228085,3123330,2024,Actual,Full Year,Fleet Services,2024-06-30,Office of Fleet Management,25,Fleet
268,9349372,1538196,2025,Target Budget,YTD,Fleet Services,2024-12-31,Office of Fleet Management,25,Fleet
268,9349372,1269862,2025,Actual,YTD,Fleet Services,2024-12-31,Office of Fleet Management,25,Fleet
319,21146675,3076391,2025,Adopted Budget,Full Year,Fleet Services,2024-12-31,Office of Fleet Management,25,Fleet
319,21146675,3076391,2025,Target Budget,Full Year,Fleet Services,2024-12-31,Office of Fleet Management,25,Fleet
319,21146675,3076391,2025,Current Projection,Full Year,Fleet Services,2024-12-31,Office of Fleet Management,25,Fleet
634,36056416,325884,2022,Actual,Full Year,Free Library,2022-06-30,The Free Library of Philadelphia,52,Free Library
618,37737788,587443,2023,Actual,Full Year,Free Library,2023-06-30,The Free Library of Philadelphia,52,Free Library
764,39779422,1128594,2024,Actual,Full Year,Free Library,2024-06-30,The Free Library of Philadelphia,52,Free Library
782,21601223,1378500,2025,Target Budget,YTD,Free Library,2024-12-31,The Free Library of Philadelphia,52,Free Library
782,21601223,690744,2025,Actual,YTD,Free Library,2024-12-31,The Free Library of Philadelphia,52,Free Library
1009,59121703,2757000,2025,Adopted Budget,Full Year,Free Library,2024-12-31,The Free Library of Philadelphia,52,Free Library
1009,59121703,2757000,2025,Target Budget,Full Year,Free Library,2024-12-31,The Free Library of Philadelphia,52,Free Library
1009,59121703,2757000,2025,Current Projection,Full Year,Free Library,2024-12-31,The Free Library of Philadelphia,52,Free Library
32,2267083,4569,2022,Actual,Full Year,Human Relations Commission,2022-06-30,Commission on Human Relations,54,Human Relations
32,2286733,0,2023,Actual,Full Year,Human Relations Commission,2023-06-30,Commission on Human Relations,54,Human Relations
30,2340114,0,2024,Actual,Full Year,Human Relations Commission,2024-06-30,Commission on Human Relations,54,Human Relations
33,1184522,0,2025,Target Budget,YTD,Human Relations Commission,2024-12-31,Commission on Human Relations,54,Human Relations
33,1184522,29300,2025,Actual,YTD,Human Relations Commission,2024-12-31,Commission on Human Relations,54,Human Relations
34,2646469,0,2025,Adopted Budget,Full Year,Human Relations Commission,2024-12-31,Commission on Human Relations,54,Human Relations
34,2646469,0,2025,Target Budget,Full Year,Human Relations Commission,2024-12-31,Commission on Human Relations,54,Human Relations
34,2646469,0,2025,Current Projection,Full Year,Human Relations Commission,2024-12-31,Commission on Human Relations,54,Human Relations
492,28025714,3324490,2022,Actual,Full Year,Human Services,2022-06-30,Department of Human Services,22,DHS
492,28716422,4080821,2023,Actual,Full Year,Human Services,2023-06-30,Department of Human Services,22,DHS
535,32334996,5077010,2024,Actual,Full Year,Human Services,2024-06-30,Department of Human Services,22,DHS
433,8031964,2125231,2025,Target Budget,YTD,Human Services,2024-12-31,Department of Human Services,22,DHS
433,8031964,1370918,2025,Actual,YTD,Human Services,2024-12-31,Department of Human Services,22,DHS
538,37396767,4250462,2025,Adopted Budget,Full Year,Human Services,2024-12-31,Department of Human Services,22,DHS
538,37396767,4250462,2025,Target Budget,Full Year,Human Services,2024-12-31,Department of Human Services,22,DHS
538,37396767,4250462,2025,Current Projection,Full Year,Human Services,2024-12-31,Department of Human Services,22,DHS
26,1991712,59,2022,Actual,Full Year,Labor,2022-06-30,Labor,03,
28,2246006,8366,2023,Actual,Full Year,Labor,2023-06-30,Labor,03,
34,2766257,7980,2024,Actual,Full Year,Labor,2024-06-30,Labor,03,
42,1566817,19914,2025,Target Budget,YTD,Labor,2024-12-31,Labor,03,
42,1566817,7256,2025,Actual,YTD,Labor,2024-12-31,Labor,03,
52,4249815,39828,2025,Adopted Budget,Full Year,Labor,2024-12-31,Labor,03,
51,4297992,39828,2025,Target Budget,Full Year,Labor,2024-12-31,Labor,03,
51,4297992,39828,2025,Current Projection,Full Year,Labor,2024-12-31,Labor,03,
127,9640029,6050,2022,Actual,Full Year,Law,2022-06-30,Law Department,44,Law
175,13550079,0,2023,Actual,Full Year,Law,2023-06-30,Law Department,44,Law
193,15665381,70,2024,Actual,Full Year,Law,2024-06-30,Law Department,44,Law
213,8606495,150,2025,Target Budget,YTD,Law,2024-12-31,Law Department,44,Law
213,8606495,94,2025,Actual,YTD,Law,2024-12-31,Law Department,44,Law
205,16857049,0,2025,Adopted Budget,Full Year,Law,2024-12-31,Law Department,44,Law
215,18357049,300,2025,Target Budget,Full Year,Law,2024-12-31,Law Department,44,Law
215,18357049,300,2025,Current Projection,Full Year,Law,2024-12-31,Law Department,44,Law
372,24779256,845614,2022,Actual,Full Year,Licenses & Inspections,2022-06-30,Department of Licenses and Inspections,26,L&I
346,24295338,1342903,2023,Actual,Full Year,Licenses & Inspections,2023-06-30,Department of Licenses and Inspections,26,L&I
329,24116397,1277430,2024,Actual,Full Year,Licenses & Inspections,2024-06-30,Department of Licenses and Inspections,26,L&I
341,11485260,505754,2025,Target Budget,YTD,Licenses & Inspections,2024-12-31,Department of Licenses and Inspections,26,L&I
341,11485260,704669,2025,Actual,YTD,Licenses & Inspections,2024-12-31,Department of Licenses and Inspections,26,L&I
430,28501910,1011507,2025,Adopted Budget,Full Year,Licenses & Inspections,2024-12-31,Department of Licenses and Inspections,26,L&I
429,28420282,1011507,2025,Target Budget,Full Year,Licenses & Inspections,2024-12-31,Department of Licenses and Inspections,26,L&I
429,28420282,1411507,2025,Current Projection,Full Year,Licenses & Inspections,2024-12-31,Department of Licenses and Inspections,26,L&I
1,85061,0,2022,Actual,Full Year,L&I-Board of Building Standards,2022-06-30,L&I: Board of Building and Standards,29,
1,76786,167,2023,Actual,Full Year,L&I-Board of Building Standards,2023-06-30,L&I: Board of Building and Standards,29,
1,83357,769,2024,Actual,Full Year,L&I-Board of Building Standards,2024-06-30,L&I: Board of Building and Standards,29,
1,45537,500,2025,Target Budget,YTD,L&I-Board of Building Standards,2024-12-31,L&I: Board of Building and Standards,29,
1,45537,486,2025,Actual,YTD,L&I-Board of Building Standards,2024-12-31,L&I: Board of Building and Standards,29,
1,86609,0,2025,Adopted Budget,Full Year,L&I-Board of Building Standards,2024-12-31,L&I: Board of Building and Standards,29,
1,86609,1000,2025,Target Budget,Full Year,L&I-Board of Building Standards,2024-12-31,L&I: Board of Building and Standards,29,
1,86609,1000,2025,Current Projection,Full Year,L&I-Board of Building Standards,2024-12-31,L&I: Board of Building and Standards,29,
1,118576,0,2022,Actual,Full Year,L&I-Board of L & I Review,2022-06-30,L&I: Board of Review,27,
2,134513,2983,2023,Actual,Full Year,L&I-Board of L & I Review,2023-06-30,L&I: Board of Review,27,
2,169767,0,2024,Actual,Full Year,L&I-Board of L & I Review,2024-06-30,L&I: Board of Review,27,
2,97577,0,2025,Target Budget,YTD,L&I-Board of L & I Review,2024-12-31,L&I: Board of Review,27,
2,97577,0,2025,Actual,YTD,L&I-Board of L & I Review,2024-12-31,L&I: Board of Review,27,
2,172107,0,2025,Adopted Budget,Full Year,L&I-Board of L & I Review,2024-12-31,L&I: Board of Review,27,
2,172107,0,2025,Target Budget,Full Year,L&I-Board of L & I Review,2024-12-31,L&I: Board of Review,27,
2,172107,0,2025,Current Projection,Full Year,L&I-Board of L & I Review,2024-12-31,L&I: Board of Review,27,
290,28719552,824568,2022,Actual,Full Year,Managing Director's Office,2022-06-30,Managing Director's Office,10,MDO
324,31958314,847036,2023,Actual,Full Year,Managing Director's Office,2023-06-30,Managing Director's Office,10,MDO
387,27997355,1431858,2024,Actual,Full Year,Managing Director's Office,2024-06-30,Managing Director's Office,10,MDO
439,14728034,613183,2025,Target Budget,YTD,Managing Director's Office,2024-12-31,Managing Director's Office,10,MDO
439,14728034,836574,2025,Actual,YTD,Managing Director's Office,2024-12-31,Managing Director's Office,10,MDO
501,34164896,1226366,2025,Adopted Budget,Full Year,Managing Director's Office,2024-12-31,Managing Director's Office,10,MDO
502,37324896,1226366,2025,Target Budget,Full Year,Managing Director's Office,2024-12-31,Managing Director's Office,10,MDO
502,37324896,1626366,2025,Current Projection,Full Year,Managing Director's Office,2024-12-31,Managing Director's Office,10,MDO
61,5574446,0,2022,Actual,Full Year,Mayor's Office,2022-06-30,Mayor's Office,05,Mayor
60,5673722,0,2023,Actual,Full Year,Mayor's Office,2023-06-30,Mayor's Office,05,Mayor
53,5950965,0,2024,Actual,Full Year,Mayor's Office,2024-06-30,Mayor's Office,05,Mayor
38,2340990,0,2025,Target Budget,YTD,Mayor's Office,2024-12-31,Mayor's Office,05,Mayor
38,2340990,113,2025,Actual,YTD,Mayor's Office,2024-12-31,Mayor's Office,05,Mayor
45,5288872,0,2025,Adopted Budget,Full Year,Mayor's Office,2024-12-31,Mayor's Office,05,Mayor
45,7288872,0,2025,Target Budget,Full Year,Mayor's Office,2024-12-31,Mayor's Office,05,Mayor
45,7288872,200,2025,Current Projection,Full Year,Mayor's Office,2024-12-31,Mayor's Office,05,Mayor
0,45000,0,2022,Actual,Full Year,Mayor's Office of Community Empowerment and Opportunity,2022-06-30,Mayor's Office of Community Empowerment and Opportunity,08,CEO
0,44997,0,2023,Actual,Full Year,Mayor's Office of Community Empowerment and Opportunity,2023-06-30,Mayor's Office of Community Empowerment and Opportunity,08,CEO
0,144949,0,2024,Actual,Full Year,Mayor's Office of Community Empowerment and Opportunity,2024-06-30,Mayor's Office of Community Empowerment and Opportunity,08,CEO
17,405488,0,2025,Target Budget,YTD,Mayor's Office of Community Empowerment and Opportunity,2024-12-31,Mayor's Office of Community Empowerment and Opportunity,08,CEO
17,405488,0,2025,Actual,YTD,Mayor's Office of Community Empowerment and Opportunity,2024-12-31,Mayor's Office of Community Empowerment and Opportunity,08,CEO
20,1547054,0,2025,Adopted Budget,Full Year,Mayor's Office of Community Empowerment and Opportunity,2024-12-31,Mayor's Office of Community Empowerment and Opportunity,08,CEO
20,1547054,0,2025,Target Budget,Full Year,Mayor's Office of Community Empowerment and Opportunity,2024-12-31,Mayor's Office of Community Empowerment and Opportunity,08,CEO
20,1547054,0,2025,Current Projection,Full Year,Mayor's Office of Community Empowerment and Opportunity,2024-12-31,Mayor's Office of Community Empowerment and Opportunity,08,CEO
8,577153,2317,2022,Actual,Full Year,Mural Arts Program,2022-06-30,Mural Arts Program,50,Mural Arts
8,404320,5431,2023,Actual,Full Year,Mural Arts Program,2023-06-30,Mural Arts Program,50,Mural Arts
9,527907,12599,2024,Actual,Full Year,Mural Arts Program,2024-06-30,Mural Arts Program,50,Mural Arts
7,214320,12500,2025,Target Budget,YTD,Mural Arts Program,2024-12-31,Mural Arts Program,50,Mural Arts
7,214320,10419,2025,Actual,YTD,Mural Arts Program,2024-12-31,Mural Arts Program,50,Mural Arts
10,629179,25000,2025,Adopted Budget,Full Year,Mural Arts Program,2024-12-31,Mural Arts Program,50,Mural Arts
10,629179,25000,2025,Target Budget,Full Year,Mural Arts Program,2024-12-31,Mural Arts Program,50,Mural Arts
10,629179,25000,2025,Current Projection,Full Year,Mural Arts Program,2024-12-31,Mural Arts Program,50,Mural Arts
23,1546510,7582,2022,Actual,Full Year,Office of Behavioral Health and Intellectual disAbility,2022-06-30,Behavioral Health and Intellectual Disability Services,15,DBH/IDS
30,1818626,40229,2023,Actual,Full Year,Office of Behavioral Health and Intellectual disAbility,2023-06-30,Behavioral Health and Intellectual Disability Services,15,DBH/IDS
44,3114848,152495,2024,Actual,Full Year,Office of Behavioral Health and Intellectual disAbility,2024-06-30,Behavioral Health and Intellectual Disability Services,15,DBH/IDS
42,1750428,155000,2025,Target Budget,YTD,Office of Behavioral Health and Intellectual disAbility,2024-12-31,Behavioral Health and Intellectual Disability Services,15,DBH/IDS
42,1750428,158689,2025,Actual,YTD,Office of Behavioral Health and Intellectual disAbility,2024-12-31,Behavioral Health and Intellectual Disability Services,15,DBH/IDS
53,3661271,310000,2025,Adopted Budget,Full Year,Office of Behavioral Health and Intellectual disAbility,2024-12-31,Behavioral Health and Intellectual Disability Services,15,DBH/IDS
53,3661271,310000,2025,Target Budget,Full Year,Office of Behavioral Health and Intellectual disAbility,2024-12-31,Behavioral Health and Intellectual Disability Services,15,DBH/IDS
53,3661271,310000,2025,Current Projection,Full Year,Office of Behavioral Health and Intellectual disAbility,2024-12-31,Behavioral Health and Intellectual Disability Services,15,DBH/IDS
59,4005063,443,2022,Actual,Full Year,Office of the Chief Administrative Officer,2022-06-30,Office of the Chief Administrative Officer,65,CAO
75,4457677,1342,2023,Actual,Full Year,Office of the Chief Administrative Officer,2023-06-30,Office of the Chief Administrative Officer,65,CAO
73,6108879,42720,2024,Actual,Full Year,Office of the Chief Administrative Officer,2024-06-30,Office of the Chief Administrative Officer,65,CAO
64,2620608,29099,2025,Target Budget,YTD,Office of the Chief Administrative Officer,2024-12-31,Office of the Chief Administrative Officer,65,CAO
64,2620608,12598,2025,Actual,YTD,Office of the Chief Administrative Officer,2024-12-31,Office of the Chief Administrative Officer,65,CAO
76,5749903,58198,2025,Adopted Budget,Full Year,Office of the Chief Administrative Officer,2024-12-31,Office of the Chief Administrative Officer,65,CAO
81,6044903,58198,2025,Target Budget,Full Year,Office of the Chief Administrative Officer,2024-12-31,Office of the Chief Administrative Officer,65,CAO
81,6044903,58198,2025,Current Projection,Full Year,Office of the Chief Administrative Officer,2024-12-31,Office of the Chief Administrative Officer,65,CAO
3,418820,0,2022,Actual,Full Year,Office of Children and Families,2022-06-30,Office of Children and Families,66,OCF
2,377938,0,2023,Actual,Full Year,Office of Children and Families,2023-06-30,Office of Children and Families,66,OCF
5,502591,0,2024,Actual,Full Year,Office of Children and Families,2024-06-30,Office of Children and Families,66,OCF
3,278078,0,2025,Target Budget,YTD,Office of Children and Families,2024-12-31,Office of Children and Families,66,OCF
3,278078,0,2025,Actual,YTD,Office of Children and Families,2024-12-31,Office of Children and Families,66,OCF
3,481098,0,2025,Adopted Budget,Full Year,Office of Children and Families,2024-12-31,Office of Children and Families,66,OCF
3,481098,0,2025,Target Budget,Full Year,Office of Children and Families,2024-12-31,Office of Children and Families,66,OCF
3,481098,0,2025,Current Projection,Full Year,Office of Children and Families,2024-12-31,Office of Children and Families,66,OCF
127,7600652,314954,2022,Actual,Full Year,Office of Homeless Services,2022-06-30,Office of Homeless Services,24,OHS
114,9151392,120570,2023,Actual,Full Year,Office of Homeless Services,2023-06-30,Office of Homeless Services,24,OHS
113,8252751,88977,2024,Actual,Full Year,Office of Homeless Services,2024-06-30,Office of Homeless Services,24,OHS
123,4774429,102050,2025,Target Budget,YTD,Office of Homeless Services,2024-12-31,Office of Homeless Services,24,OHS
123,4774429,83236,2025,Actual,YTD,Office of Homeless Services,2024-12-31,Office of Homeless Services,24,OHS
149,10635985,204099,2025,Adopted Budget,Full Year,Office of Homeless Services,2024-12-31,Office of Homeless Services,24,OHS
149,10635985,204099,2025,Target Budget,Full Year,Office of Homeless Services,2024-12-31,Office of Homeless Services,24,OHS
149,10635985,204099,2025,Current Projection,Full Year,Office of Homeless Services,2024-12-31,Office of Homeless Services,24,OHS
75,5133178,81009,2022,Actual,Full Year,Office of Human Resources,2022-06-30,Office of Human Resources,56,OHR
73,5230335,94206,2023,Actual,Full Year,Office of Human Resources,2023-06-30,Office of Human Resources,56,OHR
82,5488289,111909,2024,Actual,Full Year,Office of Human Resources,2024-06-30,Office of Human Resources,56,OHR
83,2902239,77696,2025,Target Budget,YTD,Office of Human Resources,2024-12-31,Office of Human Resources,56,OHR
83,2902239,25283,2025,Actual,YTD,Office of Human Resources,2024-12-31,Office of Human Resources,56,OHR
96,6509982,155391,2025,Adopted Budget,Full Year,Office of Human Resources,2024-12-31,Office of Human Resources,56,OHR
96,6509982,155391,2025,Target Budget,Full Year,Office of Human Resources,2024-12-31,Office of Human Resources,56,OHR
96,6509982,155391,2025,Current Projection,Full Year,Office of Human Resources,2024-12-31,Office of Human Resources,56,OHR
313,24142550,350274,2022,Actual,Full Year,Office of Innovation and Technology,2022-06-30,Office of Innovation and Technology,04,OIT
300,25739873,579803,2023,Actual,Full Year,Office of Innovation and Technology,2023-06-30,Office of Innovation and Technology,04,OIT
349,28225382,754167,2024,Actual,Full Year,Office of Innovation and Technology,2024-06-30,Office of Innovation and Technology,04,OIT
373,15626749,418750,2025,Target Budget,YTD,Office of Innovation and Technology,2024-12-31,Office of Innovation and Technology,04,OIT
373,15626749,378687,2025,Actual,YTD,Office of Innovation and Technology,2024-12-31,Office of Innovation and Technology,04,OIT
398,33474871,837500,2025,Adopted Budget,Full Year,Office of Innovation and Technology,2024-12-31,Office of Innovation and Technology,04,OIT
398,33474871,837500,2025,Target Budget,Full Year,Office of Innovation and Technology,2024-12-31,Office of Innovation and Technology,04,OIT
398,33474871,837500,2025,Current Projection,Full Year,Office of Innovation and Technology,2024-12-31,Office of Innovation and Technology,04,OIT
18,1283300,0,2022,Actual,Full Year,Office of the Inspector General,2022-06-30,Office of the Inspector General,48,OIG
16,1414649,0,2023,Actual,Full Year,Office of the Inspector General,2023-06-30,Office of the Inspector General,48,OIG
18,1524854,0,2024,Actual,Full Year,Office of the Inspector General,2024-06-30,Office of the Inspector General,48,OIG
20,891293,0,2025,Target Budget,YTD,Office of the Inspector General,2024-12-31,Office of the Inspector General,48,OIG
20,891293,0,2025,Actual,YTD,Office of the Inspector General,2024-12-31,Office of the Inspector General,48,OIG
26,2238188,0,2025,Adopted Budget,Full Year,Office of the Inspector General,2024-12-31,Office of the Inspector General,48,OIG
26,2213188,0,2025,Target Budget,Full Year,Office of the Inspector General,2024-12-31,Office of the Inspector General,48,OIG
26,2213188,0,2025,Current Projection,Full Year,Office of the Inspector General,2024-12-31,Office of the Inspector General,48,OIG
190,13393546,42002,2022,Actual,Full Year,Office of Property Assessment,2022-06-30,Office of Property Assessment,59,OPA
177,13638652,107053,2023,Actual,Full Year,Office of Property Assessment,2023-06-30,Office of Property Assessment,59,OPA
182,13454091,164817,2024,Actual,Full Year,Office of Property Assessment,2024-06-30,Office of Property Assessment,59,OPA
176,6529553,70000,2025,Target Budget,YTD,Office of Property Assessment,2024-12-31,Office of Property Assessment,59,OPA
176,6529553,99768,2025,Actual,YTD,Office of Property Assessment,2024-12-31,Office of Property Assessment,59,OPA
226,16021562,140000,2025,Adopted Budget,Full Year,Office of Property Assessment,2024-12-31,Office of Property Assessment,59,OPA
226,16021562,140000,2025,Target Budget,Full Year,Office of Property Assessment,2024-12-31,Office of Property Assessment,59,OPA
226,16021562,200000,2025,Current Projection,Full Year,Office of Property Assessment,2024-12-31,Office of Property Assessment,59,OPA
8,484422,0,2022,Actual,Full Year,Office of Sustainability,2022-06-30,Office of Sustainability,49,Sustainability
11,842041,480,2023,Actual,Full Year,Office of Sustainability,2023-06-30,Office of Sustainability,49,Sustainability
18,1148398,23,2024,Actual,Full Year,Office of Sustainability,2024-06-30,Office of Sustainability,49,Sustainability
21,808069,0,2025,Target Budget,YTD,Office of Sustainability,2024-12-31,Office of Sustainability,49,Sustainability
21,808069,0,2025,Actual,YTD,Office of Sustainability,2024-12-31,Office of Sustainability,49,Sustainability
23,1511901,0,2025,Adopted Budget,Full Year,Office of Sustainability,2024-12-31,Office of Sustainability,49,Sustainability
26,1729529,0,2025,Target Budget,Full Year,Office of Sustainability,2024-12-31,Office of Sustainability,49,Sustainability
26,1729529,0,2025,Current Projection,Full Year,Office of Sustainability,2024-12-31,Office of Sustainability,49,Sustainability
644,42876919,2083704,2022,Actual,Full Year,Parks and Recreation,2022-06-30,Department of Parks and Recreation,16,Parks & Recreation
613,51586651,4101277,2023,Actual,Full Year,Parks and Recreation,2023-06-30,Department of Parks and Recreation,16,Parks & Recreation
678,56440606,5408222,2024,Actual,Full Year,Parks and Recreation,2024-06-30,Department of Parks and Recreation,16,Parks & Recreation
671,31702041,2907825,2025,Target Budget,YTD,Parks and Recreation,2024-12-31,Department of Parks and Recreation,16,Parks & Recreation
671,31702041,2740452,2025,Actual,YTD,Parks and Recreation,2024-12-31,Department of Parks and Recreation,16,Parks & Recreation
945,65706117,5835950,2025,Adopted Budget,Full Year,Parks and Recreation,2024-12-31,Department of Parks and Recreation,16,Parks & Recreation
945,63862117,5815650,2025,Target Budget,Full Year,Parks and Recreation,2024-12-31,Department of Parks and Recreation,16,Parks & Recreation
945,63862117,5815650,2025,Current Projection,Full Year,Parks and Recreation,2024-12-31,Department of Parks and Recreation,16,Parks & Recreation
55,4510200,9507,2022,Actual,Full Year,Planning and Development,2022-06-30,Department of Planning and Development,72,Planning & Development
54,4756995,22401,2023,Actual,Full Year,Planning and Development,2023-06-30,Department of Planning and Development,72,Planning & Development
66,5252008,24704,2024,Actual,Full Year,Planning and Development,2024-06-30,Department of Planning and Development,72,Planning & Development
64,2900280,9500,2025,Target Budget,YTD,Planning and Development,2024-12-31,Department of Planning and Development,72,Planning & Development
64,2900280,16603,2025,Actual,YTD,Planning and Development,2024-12-31,Department of Planning and Development,72,Planning & Development
83,7031654,6000,2025,Adopted Budget,Full Year,Planning and Development,2024-12-31,Department of Planning and Development,72,Planning & Development
83,7031654,19000,2025,Target Budget,Full Year,Planning and Development,2024-12-31,Department of Planning and Development,72,Planning & Development
83,7031654,33000,2025,Current Projection,Full Year,Planning and Development,2024-12-31,Department of Planning and Development,72,Planning & Development
6869,708324818,64896010,2022,Actual,Full Year,Police,2022-06-30,Police Department,11,Police
6651,727678591,76002003,2023,Actual,Full Year,Police,2023-06-30,Police Department,11,Police
6351,761129391,96768961,2024,Actual,Full Year,Police,2024-06-30,Police Department,11,Police
6282,365941899,57388531,2025,Target Budget,YTD,Police,2024-12-31,Police Department,11,Police
6282,365941899,58605788,2025,Actual,YTD,Police,2024-12-31,Police Department,11,Police
7483,800086615,114777062,2025,Adopted Budget,Full Year,Police,2024-12-31,Police Department,11,Police
7483,800086615,114777062,2025,Target Budget,Full Year,Police,2024-12-31,Police Department,11,Police
7483,800086615,117777062,2025,Current Projection,Full Year,Police,2024-12-31,Police Department,11,Police
1620,118472913,24602298,2022,Actual,Full Year,Prisons,2022-06-30,Philadelphia Prison System,23,Prisons
1393,118473913,29907097,2023,Actual,Full Year,Prisons,2023-06-30,Philadelphia Prison System,23,Prisons
1312,118891418,33336433,2024,Actual,Full Year,Prisons,2024-06-30,Philadelphia Prison System,23,Prisons
1244,58293170,19117500,2025,Target Budget,YTD,Prisons,2024-12-31,Philadelphia Prison System,23,Prisons
1244,58293170,15927285,2025,Actual,YTD,Prisons,2024-12-31,Philadelphia Prison System,23,Prisons
2186,172050282,38235000,2025,Adopted Budget,Full Year,Prisons,2024-12-31,Philadelphia Prison System,23,Prisons
2186,172050282,38235000,2025,Target Budget,Full Year,Prisons,2024-12-31,Philadelphia Prison System,23,Prisons
2186,172050282,38235000,2025,Current Projection,Full Year,Prisons,2024-12-31,Philadelphia Prison System,23,Prisons
35,2434690,11124,2022,Actual,Full Year,Procurement,2022-06-30,Procurement Department,38,Procurement
35,2665060,1962,2023,Actual,Full Year,Procurement,2023-06-30,Procurement Department,38,Procurement
36,2585104,1738,2024,Actual,Full Year,Procurement,2024-06-30,Procurement Department,38,Procurement
35,1476869,1250,2025,Target Budget,YTD,Procurement,2024-12-31,Procurement Department,38,Procurement
35,1476869,1939,2025,Actual,YTD,Procurement,2024-12-31,Procurement Department,38,Procurement
54,3612226,0,2025,Adopted Budget,Full Year,Procurement,2024-12-31,Procurement Department,38,Procurement
54,3612226,2500,2025,Target Budget,Full Year,Procurement,2024-12-31,Procurement Department,38,Procurement
54,3612226,4000,2025,Current Projection,Full Year,Procurement,2024-12-31,Procurement Department,38,Procurement
716,58289725,2319808,2022,Actual,Full Year,Public Health,2022-06-30,Department of Public Health,14,Public Health
689,60210880,2434412,2023,Actual,Full Year,Public Health,2023-06-30,Department of Public Health,14,Public Health
690,60916653,2703650,2024,Actual,Full Year,Public Health,2024-06-30,Department of Public Health,14,Public Health
714,31035854,1099959,2025,Target Budget,YTD,Public Health,2024-12-31,Department of Public Health,14,Public Health
714,31035854,1586804,2025,Actual,YTD,Public Health,2024-12-31,Department of Public Health,14,Public Health
864,69046910,2199917,2025,Adopted Budget,Full Year,Public Health,2024-12-31,Department of Public Health,14,Public Health
864,69296910,2199917,2025,Target Budget,Full Year,Public Health,2024-12-31,Department of Public Health,14,Public Health
864,69296910,2999917,2025,Current Projection,Full Year,Public Health,2024-12-31,Department of Public Health,14,Public Health
142,9847147,195014,2022,Actual,Full Year,Public Property,2022-06-30,Department of Public Property,20,Public Property
133,10124679,228450,2023,Actual,Full Year,Public Property,2023-06-30,Department of Public Property,20,Public Property
119,10279133,602379,2024,Actual,Full Year,Public Property,2024-06-30,Department of Public Property,20,Public Property
144,5585424,364686,2025,Target Budget,YTD,Public Property,2024-12-31,Department of Public Property,20,Public Property
144,5585424,688254,2025,Actual,YTD,Public Property,2024-12-31,Department of Public Property,20,Public Property
176,12395405,729371,2025,Adopted Budget,Full Year,Public Property,2024-12-31,Department of Public Property,20,Public Property
176,12395405,729371,2025,Target Budget,Full Year,Public Property,2024-12-31,Department of Public Property,20,Public Property
176,12395405,1229371,2025,Current Projection,Full Year,Public Property,2024-12-31,Department of Public Property,20,Public Property
51,2823021,65664,2022,Actual,Full Year,Records,2022-06-30,Department of Records,31,Records
54,3202359,282392,2023,Actual,Full Year,Records,2023-06-30,Department of Records,31,Records
53,3229777,183184,2024,Actual,Full Year,Records,2024-06-30,Department of Records,31,Records
55,1599555,41670,2025,Target Budget,YTD,Records,2024-12-31,Department of Records,31,Records
55,1599555,67107,2025,Actual,YTD,Records,2024-12-31,Department of Records,31,Records
60,3616541,83340,2025,Adopted Budget,Full Year,Records,2024-12-31,Department of Records,31,Records
60,3616541,83340,2025,Target Budget,Full Year,Records,2024-12-31,Department of Records,31,Records
60,3616541,133340,2025,Current Projection,Full Year,Records,2024-12-31,Department of Records,31,Records
70,4174663,231,2022,Actual,Full Year,Register of Wills,2022-06-30,Register of Wills,68,
67,4221694,5641,2023,Actual,Full Year,Register of Wills,2023-06-30,Register of Wills,68,
63,4089933,0,2024,Actual,Full Year,Register of Wills,2024-06-30,Register of Wills,68,
66,2091176,0,2025,Target Budget,YTD,Register of Wills,2024-12-31,Register of Wills,68,
66,2091176,0,2025,Actual,YTD,Register of Wills,2024-12-31,Register of Wills,68,
73,4450243,0,2025,Adopted Budget,Full Year,Register of Wills,2024-12-31,Register of Wills,68,
73,4450243,0,2025,Target Budget,Full Year,Register of Wills,2024-12-31,Register of Wills,68,
73,4450243,0,2025,Current Projection,Full Year,Register of Wills,2024-12-31,Register of Wills,68,
386,22277095,85746,2022,Actual,Full Year,Revenue,2022-06-30,Department of Revenue,36,Revenue
328,20432060,339671,2023,Actual,Full Year,Revenue,2023-06-30,Department of Revenue,36,Revenue
327,20382438,398174,2024,Actual,Full Year,Revenue,2024-06-30,Department of Revenue,36,Revenue
313,9770279,232500,2025,Target Budget,YTD,Revenue,2024-12-31,Department of Revenue,36,Revenue
313,9770279,126218,2025,Actual,YTD,Revenue,2024-12-31,Department of Revenue,36,Revenue
401,22626664,465000,2025,Adopted Budget,Full Year,Revenue,2024-12-31,Department of Revenue,36,Revenue
401,22626664,465000,2025,Target Budget,Full Year,Revenue,2024-12-31,Department of Revenue,36,Revenue
401,22626664,465000,2025,Current Projection,Full Year,Revenue,2024-12-31,Department of Revenue,36,Revenue
367,26258562,2799955,2022,Actual,Full Year,Sheriff,2022-06-30,Office of the Sheriff,70,Sheriff
343,26834747,4021949,2023,Actual,Full Year,Sheriff,2023-06-30,Office of the Sheriff,70,Sheriff
328,28108343,5238972,2024,Actual,Full Year,Sheriff,2024-06-30,Office of the Sheriff,70,Sheriff
324,13923902,2000000,2025,Target Budget,YTD,Sheriff,2024-12-31,Office of the Sheriff,70,Sheriff
324,13923902,2875659,2025,Actual,YTD,Sheriff,2024-12-31,Office of the Sheriff,70,Sheriff
459,30232235,4000000,2025,Adopted Budget,Full Year,Sheriff,2024-12-31,Office of the Sheriff,70,Sheriff
459,30232235,4000000,2025,Target Budget,Full Year,Sheriff,2024-12-31,Office of the Sheriff,70,Sheriff
459,30232235,5200000,2025,Current Projection,Full Year,Sheriff,2024-12-31,Office of the Sheriff,70,Sheriff
1941,88868951,16469836,2022,Actual,Full Year,Streets,2022-06-30,Streets Department,12,Streets
2072,99660073,17741782,2023,Actual,Full Year,Streets,2023-06-30,Streets Department,12,Streets
2068,110599547,16970691,2024,Actual,Full Year,Streets,2024-06-30,Streets Department,12,Streets
1432,38035520,5641212,2025,Target Budget,YTD,Streets,2024-12-31,Streets Department,12,Streets
1432,38035520,8143287,2025,Actual,YTD,Streets,2024-12-31,Streets Department,12,Streets
1688,90005569,11282424,2025,Adopted Budget,Full Year,Streets,2024-12-31,Streets Department,12,Streets
1688,89659505,11282424,2025,Target Budget,Full Year,Streets,2024-12-31,Streets Department,12,Streets
1688,89659505,16282424,2025,Current Projection,Full Year,Streets,2024-12-31,Streets Department,12,Streets
